entree,sortie,net_entree,net_sortie,chemin,liaison_cartes,mesure_ohms,observation
J1.1,J4.1,1,1,direct,J8.13 ↔ J10.13,,
J1.2,J4.2,2,2,direct,J8.15 ↔ J10.15,,
J1.3,J4.3,CAN0_L,CAN2_L,U1 : 1–2 (NC),J8.9 ↔ J10.9,,
J1.4,J4.4,4,4,direct,J8.17 ↔ J10.17,,
J1.5,J4.5,CAN0_H,CAN2_H,U2 : 2–1 (NC),J8.11 ↔ J10.11,,
J1.6,J4.6,6,6,direct,J8.19 ↔ J10.19,,
J1.7,J4.7,7,7,direct,J8.21 ↔ J10.21,,
J1.8,J4.8,8,8,direct,J8.23 ↔ J10.23,,
J1.9,J4.9,9,9,direct,J8.25 ↔ J10.25,,
J1.10,J4.10,10,10,direct,J8.27 ↔ J10.27,,
J1.11,J4.11,11,11,direct,J8.29 ↔ J10.29,,
J1.12,J4.12,12,12,direct,J8.2 ↔ J10.2,,
J1.13,J4.13,13,13,direct,J8.4 ↔ J10.4,,
J1.14,J4.14,14,14,direct,J8.6 ↔ J10.6,,
J1.15,J4.15,15,15,direct,J8.8 ↔ J10.8,,
J1.16,J4.16,16,16,direct,J8.10 ↔ J10.10,,
J1.17,J4.17,17,17,direct,J8.12 ↔ J10.12,,
J1.18,J4.18,18,18,direct,J8.14 ↔ J10.14,,
J1.19,J4.19,19,19,direct,J8.16 ↔ J10.16,,
J1.20,J4.20,20,20,direct,J8.18 ↔ J10.18,,
J2.1,J5.1,21,21,direct,J8.20 ↔ J10.20,,
J2.2,J5.2,22,22,direct,J8.22 ↔ J10.22,,
J2.3,J5.3,23,23,direct,J8.24 ↔ J10.24,,
J2.4,J5.4,GND,GND,direct,J8.1 ↔ J10.1,,
J2.5,J5.5,25,25,direct,J8.26 ↔ J10.26,,
J2.6,J5.6,26,26,direct,J8.28 ↔ J10.28,,
J2.7,J5.7,27,27,direct,J8.30 ↔ J10.30,,
J2.8,J5.8,28,28,direct,J9.1 ↔ J11.1,,
J2.9,J5.9,29,29,direct,J9.3 ↔ J11.3,,
J2.10,J5.10,30,30,direct,J9.5 ↔ J11.5,,
J2.11,J5.11,31,31,direct,J9.7 ↔ J11.7,,
J2.12,J5.12,+12V,+12V,direct,J8.3 ↔ J10.3,,
J2.13,J5.13,33,33,direct,J9.9 ↔ J11.9,,
J2.14,J5.14,34,34,direct,J9.11 ↔ J11.11,,
J2.15,J5.15,35,35,direct,J9.13 ↔ J11.13,,
J2.16,J5.16,36,36,direct,J9.15 ↔ J11.15,,
J2.17,J5.17,37,37,direct,J9.17 ↔ J11.17,,
J2.18,J5.18,38,38,direct,J9.19 ↔ J11.19,,
J2.19,J5.19,39,39,direct,J9.21 ↔ J11.21,,
J2.20,J5.20,40,40,direct,J9.23 ↔ J11.23,,
J3.1,J6.1,41,41,direct,J9.25 ↔ J11.25,,
J3.2,J6.2,42,42,direct,J9.27 ↔ J11.27,,
J3.3,J6.3,43,43,direct,J9.29 ↔ J11.29,,
J3.4,J6.4,CAN1_L,CAN1_L,direct,J8.5 ↔ J10.5,,
J3.5,J6.5,45,45,direct,J9.2 ↔ J11.2,,
J3.6,J6.6,CAN1_H,CAN1_H,direct,J8.7 ↔ J10.7,,
J3.7,J6.7,47,47,direct,J9.4 ↔ J11.4,,
J3.8,J6.8,48,48,direct,J9.6 ↔ J11.6,,
J3.9,J6.9,49,49,direct,J9.8 ↔ J11.8,,
J3.10,J6.10,50,50,direct,J9.10 ↔ J11.10,,
J3.11,J6.11,51,51,direct,J9.12 ↔ J11.12,,
J3.12,J6.12,52,52,direct,J9.14 ↔ J11.14,,
J3.13,J6.13,53,53,direct,J9.16 ↔ J11.16,,
J3.14,J6.14,54,54,direct,J9.18 ↔ J11.18,,
J3.15,J6.15,55,55,direct,J9.20 ↔ J11.20,,
J3.16,J6.16,56,56,direct,J9.22 ↔ J11.22,,
J3.17,J6.17,57,57,direct,J9.24 ↔ J11.24,,
J3.18,J6.18,58,58,direct,J9.26 ↔ J11.26,,
J3.19,J6.19,59,59,direct,J9.28 ↔ J11.28,,
J3.20,J6.20,60,60,direct,J9.30 ↔ J11.30,,
